,Feature,Concentration
0,0.353571981,24.41
1,0.089025816,6.95
