,Feature1,Feature2,Concentration
0,0.353571981,0.084117522,24.41
1,0.089025816,0.072847538,6.95
